timestamp,free_phys_mb,commit_used_mb,commit_limit_mb,pagefile_used_mb
14:24:57.604,11343.1,23856.6,43339.2,2358
14:24:58.163,11340.4,23846.1,43339.2,2358
14:24:58.717,11338.3,23855.7,43339.2,2358
14:24:59.278,11336.8,23852.9,43339.2,2358
14:24:59.856,11334.7,23856.8,43339.2,2358
14:25:00.437,11332.6,23858.4,43339.2,2358
14:25:00.986,11328.6,23863,43339.2,2358
14:25:01.542,11328.1,23861,43339.2,2358
14:25:02.132,11234.7,23996.4,43339.2,2358
14:25:02.710,11196.3,23993.6,43339.2,2358
14:25:03.268,11295.6,23876.1,43339.2,2358
14:25:03.823,11302,23869.3,43339.2,2358
14:25:04.394,11300.1,23874.6,43339.2,2358
14:25:04.956,11305.6,23869.7,43339.2,2358
14:25:05.490,11306.9,23865,43339.2,2358
14:25:06.036,11312.7,23862.3,43339.2,2358
14:25:06.590,11310,23866.8,43339.2,2358
14:25:07.127,11295.9,23878.5,43339.2,2358
14:25:07.665,11305.3,23865.8,43339.2,2358
14:25:08.207,11304.7,23870.5,43339.2,2358
14:25:08.753,11310.9,23865.7,43339.2,2358
14:25:09.286,11304.9,23871,43339.2,2358
14:25:09.842,11311.1,23866.3,43339.2,2358
14:25:10.387,11294.2,23881.8,43339.2,2358
14:25:10.934,11301.4,23877.1,43339.2,2358
14:25:11.489,11293.4,23883.1,43339.2,2358
14:25:12.022,11283.8,23897.8,43339.2,2358
14:25:12.564,11290.4,23888.5,43339.2,2358
14:25:13.111,11289.6,23882.9,43339.2,2358
14:25:13.665,11289.7,23886.2,43339.2,2358
14:25:14.208,11289.5,23883.5,43339.2,2358
14:25:14.809,11265.6,23917.9,43339.2,2358
14:25:15.391,11218.6,24020.8,43339.2,2358
14:25:15.971,11116.4,24089.5,43339.2,2358
14:25:16.554,11029.4,24209.1,43339.2,2358
14:25:17.119,11011.2,24217.3,43339.2,2358
14:25:17.664,10963.1,24268.9,43339.2,2358
14:25:18.216,10974.1,24253.9,43339.2,2358
14:25:18.785,10980.7,24252.5,43339.2,2358
14:25:19.356,10978,24249.5,43339.2,2358
14:25:19.933,10980.7,24252,43339.2,2358
14:25:20.491,10980,24248.5,43339.2,2358
14:25:21.067,10981.9,24252.3,43339.2,2358
14:25:21.653,10998.6,24256.1,43339.2,2358
14:25:22.240,10987.7,24259.1,43339.2,2358
14:25:22.790,10990.8,24255.8,43339.2,2358
14:25:23.390,10983.6,24261.6,43339.2,2358
14:25:23.978,10994.5,24238,43339.2,2358
14:25:24.533,10994.8,24239.7,43339.2,2358
14:25:25.093,10993.5,24239.4,43339.2,2358
14:25:25.667,10995.2,24240.6,43339.2,2358
14:25:26.254,10995.1,24238.4,43339.2,2358
14:25:26.842,10995.9,24242.3,43339.2,2358
14:25:27.427,10991.4,24242.6,43339.2,2358
14:25:28.012,10994,24244.1,43339.2,2358
14:25:28.587,10988.2,24247.1,43339.2,2358
14:25:29.178,10987.9,24244.2,43339.2,2358
14:25:29.762,10987.4,24252.2,43339.2,2358
14:25:30.356,10990,24252.1,43339.2,2358
14:25:30.935,10982.3,24256.7,43339.2,2358
14:25:31.529,10984.4,24257.4,43339.2,2358
14:25:32.123,10976.9,24260.1,43339.2,2358
14:25:32.673,10983,24253.7,43339.2,2358
14:25:33.252,10978.8,24255,43339.2,2358
14:25:33.819,10954.9,24291.9,43339.2,2357
14:25:34.370,10962.3,24275.5,43339.2,2357
14:25:34.955,10975.8,24251.8,43339.2,2357
14:25:35.524,10975.5,24256.5,43339.2,2357
14:25:36.068,10985.3,24251.8,43339.2,2357
14:25:36.653,10992.1,24248.9,43339.2,2357
14:25:37.241,10985.8,24253.8,43339.2,2357
14:25:37.833,10982.7,24261.7,43339.2,2357
14:25:38.427,10979.1,24264.7,43339.2,2357
14:25:38.988,10979.1,24261,43339.2,2357
14:25:39.537,10978.4,24263.3,43339.2,2357
14:25:40.105,10982.3,24261.4,43339.2,2357
14:25:40.712,10980,24248.4,43339.2,2357
14:25:41.283,10975,24251.8,43339.2,2357
14:25:41.840,10982,24246.6,43339.2,2357
14:25:42.418,10977.1,24251.8,43339.2,2357
14:25:43.003,10976.9,24247.1,43339.2,2357
14:25:43.575,10975,24260.6,43339.2,2357
14:25:44.172,10978.6,24257.2,43339.2,2357
14:25:44.737,10977.7,24260.6,43339.2,2357
14:25:45.291,10975.5,24259.8,43339.2,2357
14:25:45.836,10975.1,24267.9,43339.2,2357
14:25:46.420,10975.8,24265.4,43339.2,2357
14:25:46.988,10980.5,24263.7,43339.2,2357
14:25:47.538,10974.6,24265.9,43339.2,2357
14:25:48.115,10978.6,24264,43339.2,2357
14:25:48.669,10972.5,24266.8,43339.2,2357
14:25:49.249,10971.2,24266.7,43339.2,2357
14:25:49.822,10973.9,24268.6,43339.2,2357
14:25:50.362,10970.9,24264.9,43339.2,2357
14:25:50.941,10973.8,24266.9,43339.2,2357
14:25:51.507,10969.1,24268.6,43339.2,2357
14:25:52.088,10974.7,24265.1,43339.2,2357
14:25:52.665,10968,24269.4,43339.2,2357
14:25:53.258,10972.4,24263.8,43339.2,2357
14:25:53.846,10955,24291.6,43339.2,2357
14:25:54.406,10952.6,24284.2,43339.2,2357
14:25:55.007,10953.7,24286.8,43339.2,2357
14:25:55.599,10959.2,24278.5,43339.2,2357
14:25:56.179,10953,24278.9,43339.2,2357
14:25:56.736,10960.1,24273.8,43339.2,2357
14:25:57.319,10954.5,24276.6,43339.2,2357
14:25:57.914,10961.5,24272.2,43339.2,2357
14:25:58.472,10952.8,24275.9,43339.2,2357
14:25:59.074,10958.9,24270.7,43339.2,2357
14:25:59.635,13951.9,21299.5,43339.2,2357
14:26:00.236,19920.8,15331,43339.2,2357
14:26:00.831,24132.6,10672,43339.2,2357
14:26:01.400,24174.5,10650.7,43339.2,2357
14:26:01.991,24128.4,10745.2,43339.2,2357
14:26:02.562,24113.6,10735.5,43339.2,2357
14:26:03.121,24108.1,10734.4,43339.2,2357
14:26:03.703,24102.4,10737.6,43339.2,2357
14:26:04.278,24099.3,10738.4,43339.2,2357
14:26:04.860,24106.7,10812.8,43339.2,2357
14:26:05.462,23906.4,11070.7,43339.2,2357
14:26:06.050,23848.1,11104.8,43339.2,2357
14:26:06.635,23807.9,11142,43339.2,2357
14:26:07.201,23804.5,11141.4,43339.2,2357
14:26:07.802,23800.7,11148.3,43339.2,2357
14:26:08.374,23793.8,11147,43339.2,2357
14:26:08.971,23552.4,11271.3,43339.2,2357
14:26:09.558,22770.1,11707.4,43339.2,2357
14:26:10.145,21523.9,12345.4,43339.2,2357
14:26:10.746,20291.1,12968.6,43339.2,2357
14:26:11.315,19062,13596.3,43339.2,2357
14:26:11.907,17832.9,14215,43339.2,2357
14:26:12.488,16661.8,14832.8,43339.2,2357
14:26:13.095,15547.6,15346,43339.2,2357
14:26:13.686,14337.6,15986,43339.2,2357
14:26:14.276,13320,16500.5,43339.2,2357
14:26:14.843,12639.9,16813.5,43339.2,2357
14:26:15.438,11861.5,17232.2,43339.2,2357
14:26:16.029,11435,17447.7,43339.2,2357
14:26:16.635,11031.8,17643.9,43339.2,2357
14:26:17.234,10426.2,17952.7,43339.2,2357
14:26:17.831,9799.3,18260.7,43339.2,2357
14:26:18.406,9214.9,18551,43339.2,2357
14:26:18.988,8529,18890.6,43339.2,2357
14:26:19.580,7887.2,19265.5,43339.2,2356
14:26:20.182,7242.6,19572.5,43339.2,2356
14:26:20.742,6737.8,19783.8,43339.2,2356
14:26:21.331,6135.4,20077.2,43339.2,2356
14:26:21.923,5528.1,20380.3,43339.2,2356
14:26:22.519,4924,20684.8,43339.2,2356
14:26:23.112,4242,21129.5,43339.2,2356
14:26:23.708,3837.8,21321.8,43339.2,2369
14:26:24.307,3575.3,21633.4,43339.2,2552
14:26:24.912,3134.1,21947.2,43339.2,2643
14:26:25.507,2898.9,22253.7,43339.2,2856
14:26:26.108,2524.2,22464.7,43339.2,2975
14:26:26.706,1997.6,22785.4,43339.2,2975
14:26:27.308,1591.7,23097.7,43339.2,3096
14:26:27.898,1391.9,23186.5,43339.2,3096
14:26:28.474,1387.2,23188.6,43339.2,3096
14:26:29.066,1458.5,23188.6,43339.2,3154
14:26:29.648,1285,23286.4,43339.2,3154
14:26:30.239,1208,23391.3,43339.2,3182
14:26:30.831,1014,23485.3,43339.2,3223
14:26:31.430,926.1,23603,43339.2,3280
14:26:32.016,928,23696.9,43339.2,3431
14:26:32.605,643.7,23909.6,43339.2,3463
14:26:33.214,181.3,24102.6,43339.2,3462
14:26:33.803,508,24100.3,43339.2,3564
14:26:34.352,560.7,24209.8,43339.2,3684
14:26:34.942,648.8,24211.1,43339.2,3827
14:26:35.533,626.9,24316.8,43339.2,3958
14:26:36.111,442.6,24432.7,43339.2,3963
14:26:36.694,442.6,24640.8,43339.2,3962
14:26:37.305,455.8,24834,43339.2,3991
14:26:37.894,443,24929.3,43339.2,4000
14:26:38.476,442.6,25141.5,43339.2,3998
14:26:39.065,442.6,25235.8,43339.2,3997
14:26:39.656,414.9,25469.5,43339.2,3997
14:26:40.257,69.3,25661.9,43339.2,4009
14:26:40.915,215.9,25773.3,43339.2,4095
14:26:41.499,406.5,25875.7,43339.2,4116
14:26:42.091,195.6,26083.2,43339.2,4115
14:26:42.677,617.9,26184.2,43339.2,4174
14:26:43.266,442.6,26300.1,43339.2,4174
14:26:43.863,442.5,26512,43339.2,4173
14:26:44.448,442.5,26611.9,43339.2,4173
14:26:45.048,442.6,26915.4,43339.2,4172
14:26:45.602,356.1,26927.1,43339.2,4169
14:26:46.192,444,26991.3,43339.2,4161
14:26:46.761,387.8,27048.8,43339.2,4158
14:26:47.346,371.5,27071.6,43339.2,4157
14:26:47.924,250.9,27180.9,43339.2,4153
14:26:48.510,354.4,27772.3,43339.2,4144
14:26:49.099,423.8,27684.7,43339.2,4143
14:26:49.680,541.5,27345.6,43339.2,3904
14:26:50.273,4372.1,27342.8,43339.2,3892
14:26:50.835,8471.2,27337.3,43339.2,3892
14:26:51.378,10076.1,27313,43339.2,3891
14:26:51.936,10085.1,27306,43339.2,3891
14:26:52.523,10077.3,27309.9,43339.2,3890
14:26:53.104,10077.5,27309.3,43339.2,3889
14:26:53.692,10108,27239.9,43339.2,3855
14:26:54.275,10055.8,27311.4,43339.2,3853
14:26:54.858,10057.3,27266.8,43339.2,3847
14:26:55.432,9992.3,27493.9,43339.2,3844
14:26:56.040,9843.9,27728.4,43339.2,3842
14:26:56.651,9770.4,27875,43339.2,3840
14:26:57.266,9626.4,28017.8,43339.2,3841
14:26:57.861,9670.1,27995.9,43339.2,3863
14:26:58.462,9571,28142.5,43339.2,3905
14:26:59.054,9623.4,28096.4,43339.2,3928
14:26:59.709,9402.5,32370.8,43339.2,3958
14:27:00.326,8656.3,32276.1,43339.2,3972
14:27:00.952,7916.1,32124.5,43339.2,3971
14:27:01.578,6951,32127.6,43339.2,3969
14:27:02.194,6199,31966.7,43339.2,3967
14:27:02.796,5826,31963.1,43339.2,3964
14:27:03.396,5821.3,31965.2,43339.2,3963
14:27:03.967,5821.3,31959.3,43339.2,3961
14:27:04.563,5784.8,32002.7,43339.2,3960
14:27:05.180,5786.2,31999.7,43339.2,3959
14:27:05.787,5795.6,31997.6,43339.2,3958
14:27:06.375,5778.3,32004.3,43339.2,3957
14:27:06.974,5788.6,31996.4,43339.2,3956
14:27:07.558,5802.3,31930,43339.2,3955
14:27:08.157,5805.9,31927.1,43339.2,3953
14:27:08.736,5797.1,31931,43339.2,3952
14:27:09.321,5792.5,31929.3,43339.2,3951
14:27:09.911,5787,31932.5,43339.2,3949
14:27:10.533,5778.2,31935,43339.2,3948
14:27:11.110,5789.4,31927.9,43339.2,3947
14:27:11.705,5772.5,31933.8,43339.2,3945
14:27:12.291,5773.5,31928.5,43339.2,3944
14:27:12.863,5773.8,31933.4,43339.2,3943
14:27:13.462,5769.4,31929.7,43339.2,3943
14:27:14.020,5773.6,31929.2,43339.2,3941
14:27:14.618,5757.6,31977.9,43339.2,3941
14:27:15.214,5757.4,31974.1,43339.2,3939
14:27:15.825,5761.9,31976.5,43339.2,3938
14:27:16.396,5755.1,31973.7,43339.2,3937
14:27:16.971,5750.4,31976.7,43339.2,3936
14:27:17.556,5750.9,31974.1,43339.2,3935
14:27:18.136,5749.6,31974.6,43339.2,3934
14:27:18.736,5739.1,31979,43339.2,3932
14:27:19.324,5738.7,31975.3,43339.2,3931
14:27:19.918,5728,31979.8,43339.2,3929
14:27:20.503,5729.5,31972.5,43339.2,3929
14:27:21.087,5721.7,31977.3,43339.2,3927
14:27:21.671,5723.5,31972,43339.2,3926
14:27:22.253,5716.7,31974.4,43339.2,3925
14:27:22.845,5720.9,31975.3,43339.2,3923
14:27:23.431,5710,31971.7,43339.2,3922
14:27:24.003,5712.7,31973,43339.2,3918
14:27:24.566,5703.2,31971.7,43339.2,3916
14:27:25.154,5704.7,31974.9,43339.2,3913
14:27:25.762,5699.3,31973.3,43339.2,3912
14:27:26.351,5677,31992.8,43339.2,3902
14:27:26.950,5677.1,31991.5,43339.2,3900
14:27:27.534,5649.5,32054.7,43339.2,3898
14:27:28.105,5657.4,32051.9,43339.2,3896
14:27:28.698,5642.9,32054.2,43339.2,3895
14:27:29.269,5634.5,32056,43339.2,3893
14:27:29.857,5633.7,32049.7,43339.2,3892
14:27:30.457,5634.9,32051,43339.2,3891
14:27:31.044,5632.9,32044.6,43339.2,3890
14:27:31.606,5631.2,32047,43339.2,3890
14:27:32.162,5631.8,32042.7,43339.2,3890
14:27:32.732,5630.9,32046.5,43339.2,3890
14:27:33.300,5664.5,32042.3,43339.2,3890
14:27:33.913,5665.4,32043.2,43339.2,3890
14:27:34.509,5669.7,32032.6,43339.2,3888
14:27:35.090,5668.5,32034.8,43339.2,3888
14:27:35.651,5667,32030,43339.2,3888
14:27:36.244,5667.4,32028.2,43339.2,3888
14:27:36.824,5671.4,32030.8,43339.2,3888
14:27:37.409,5669.9,32029.6,43339.2,3887
14:27:37.970,5661.4,32029.9,43339.2,3887
14:27:38.533,5657.1,32031.3,43339.2,3884
14:27:39.124,5648.1,32033.2,43339.2,3884
14:27:39.696,5651.9,32029.2,43339.2,3882
14:27:40.296,5644.8,32030.5,43339.2,3882
14:27:40.887,5652.3,32023.4,43339.2,3882
14:27:41.449,5645.3,32025.3,43339.2,3882
14:27:42.008,5653.6,32021.7,43339.2,3882
14:27:42.578,5645.6,32019.3,43339.2,3880
14:27:43.158,5638.8,32023.3,43339.2,3880
14:27:43.752,5643.1,32020.2,43339.2,3880
14:27:44.319,5630.5,32024.8,43339.2,3880
14:27:44.899,5642,32020.7,43339.2,3880
14:27:45.477,5625.4,32025.4,43339.2,3879
14:27:46.043,5636.4,32020.9,43339.2,3878
14:27:46.618,5623.2,32025.1,43339.2,3878
14:27:47.184,5623.8,32019.8,43339.2,3878
14:27:47.763,5624.4,32024.2,43339.2,3878
14:27:48.355,5622.5,32018.7,43339.2,3877
14:27:48.938,5622.2,32020.9,43339.2,3877
14:27:49.491,5611.2,32119.6,43339.2,3877
14:27:50.052,5611.7,32124.3,43339.2,3877
14:27:50.609,5606.7,32118.3,43339.2,3876
14:27:51.188,5605.7,32119.8,43339.2,3876
14:27:51.770,5603.3,32122.7,43339.2,3876
14:27:52.337,5627.5,32139.9,43339.2,3876
14:27:52.893,5616.2,32146.3,43339.2,3875
14:27:53.478,5614.8,32141.5,43339.2,3874
14:27:54.053,5615.6,32117.4,43339.2,3874
14:27:54.600,5616.9,32124.8,43339.2,3874
14:27:55.188,5593.3,32139.6,43339.2,3874
14:27:55.779,5598.6,32130.8,43339.2,3874
14:27:56.369,5591.8,32127.6,43339.2,3873
14:27:56.975,5597.4,32125.1,43339.2,3873
14:27:57.554,5597,32119.8,43339.2,3873
14:27:58.111,5588.3,32124,43339.2,3873
14:27:58.686,5593.3,32121.4,43339.2,3871
14:27:59.246,5562.9,32172.3,43339.2,3871
14:27:59.830,5572.4,32163.5,43339.2,3871
14:28:00.398,5559.2,32170.8,43339.2,3870
14:28:00.966,5466.2,32319.8,43339.2,3869
14:28:01.556,5534.8,32188.8,43339.2,3868
14:28:02.129,5541.2,32184.1,43339.2,3868
14:28:02.708,5532.3,32189.7,43339.2,3868
14:28:03.272,5533.8,32184.8,43339.2,3868
14:28:03.838,5530.2,32184.9,43339.2,3868
14:28:04.425,5528.5,32189,43339.2,3867
14:28:05.003,5524,32179.9,43339.2,3866
14:28:05.604,5521.6,32184.6,43339.2,3866
14:28:06.157,5519.6,32181,43339.2,3866
14:28:06.719,5522,32183.4,43339.2,3866
14:28:07.290,5519.3,32179.2,43339.2,3865
14:28:07.886,5521,32182.1,43339.2,3865
14:28:08.479,5517,32176.1,43339.2,3864
14:28:09.084,5496.3,32207.6,43339.2,3864
14:28:09.660,5484.3,32214.9,43339.2,3863
14:28:10.233,5476,32217,43339.2,3863
14:28:10.794,5480.6,32215.3,43339.2,3863
14:28:11.358,5475.7,32217.1,43339.2,3863
14:28:11.937,5480.4,32218.2,43339.2,3863
14:28:12.559,5474.6,32217.5,43339.2,3862
14:28:13.167,5462.2,32222.5,43339.2,3862
14:28:13.710,5464.8,32225.9,43339.2,3862
14:28:14.280,5451.7,32230.5,43339.2,3862
14:28:14.838,5459.9,32226.4,43339.2,3862
14:28:15.421,5456.6,32226.5,43339.2,3861
14:28:15.977,5453.5,32228.5,43339.2,3861
14:28:16.556,5451.6,32225.2,43339.2,3860
14:28:17.135,5455.7,32223.3,43339.2,3860
14:28:17.704,5453.3,32221.6,43339.2,3860
14:28:18.251,5443.1,32223.6,43339.2,3859
14:28:18.856,5436.6,32233.3,43339.2,3857
14:28:19.449,5416.6,32242.7,43339.2,3854
14:28:20.007,5422.1,32226,43339.2,3852
14:28:20.594,5422,32216.1,43339.2,3851
14:28:21.184,5410.8,32222.8,43339.2,3848
14:28:21.784,5413.4,32214.3,43339.2,3845
14:28:22.336,5408.4,32219.6,43339.2,3844
14:28:22.944,5406.8,32219.4,43339.2,3839
14:28:23.524,5385.1,32232.7,43339.2,3836
14:28:24.112,5386.1,32228,43339.2,3831
14:28:24.754,5381.5,32227.3,43339.2,3828
14:28:25.403,5250.4,32688,43339.2,3825
14:28:25.992,5346.6,32378.2,43339.2,3821
14:28:26.601,5342.7,32381.4,43339.2,3818
14:28:27.241,5337.2,32374,43339.2,3816
14:28:27.894,5336.8,32371.8,43339.2,3815
14:28:28.502,5324.1,32387,43339.2,3813
14:28:29.074,5333.7,32375.4,43339.2,3812
14:28:29.654,5329.4,32376.8,43339.2,3810
14:28:30.220,5326.7,32370,43339.2,3808
14:28:30.786,5325,32374.8,43339.2,3806
14:28:31.370,5320.9,32370.8,43339.2,3804
14:28:31.938,5320.5,32379.4,43339.2,3802
14:28:32.526,5317.9,32372.8,43339.2,3800
14:28:33.105,5312.3,32377.8,43339.2,3798
14:28:33.713,5347.7,32373.2,43339.2,3796
14:28:34.388,5335.9,32374.1,43339.2,3794
14:28:34.991,5326.6,32376.6,43339.2,3791
14:28:35.610,5321.6,32374.2,43339.2,3790
14:28:36.231,5315.5,32375.9,43339.2,3788
14:28:36.816,5316.4,32369.7,43339.2,3786
14:28:37.407,5301.5,32375.9,43339.2,3783
14:28:37.985,5298.4,32372.4,43339.2,3781
14:28:38.541,5293.9,32376.7,43339.2,3780
14:28:39.136,5289.5,32372.5,43339.2,3778
14:28:39.717,5284.9,32370.4,43339.2,3776
14:28:40.303,5280.9,32374.5,43339.2,3774
14:28:40.898,5270.4,32378.2,43339.2,3772
14:28:41.485,5265.6,32382.1,43339.2,3769
14:28:42.132,5262.1,32376.3,43339.2,3767
14:28:42.824,5261.7,32378.1,43339.2,3765
14:28:43.440,5249.7,32380.5,43339.2,3762
14:28:44.052,5253.9,32378.1,43339.2,3761
14:28:44.660,5244.8,32382.5,43339.2,3759
14:28:45.297,5237.5,32379.5,43339.2,3756
14:28:45.915,5241.8,32377.2,43339.2,3754
14:28:46.491,5225.6,32382.4,43339.2,3753
14:28:47.098,5230.9,32375.7,43339.2,3751
14:28:47.770,5219.5,32378,43339.2,3749
14:28:48.419,5222.1,32371.2,43339.2,3748
14:28:49.059,5215.6,32373.9,43339.2,3747
14:28:49.669,5209.8,32376.7,43339.2,3746
14:28:50.372,5208.6,32373.8,43339.2,3744
14:28:50.973,5206.6,32371.8,43339.2,3742
14:28:51.591,5199.1,32378.6,43339.2,3741
14:28:52.261,5195.2,32369.4,43339.2,3738
14:28:52.914,5192,32373.7,43339.2,3737
14:28:53.594,5190.4,32369.9,43339.2,3735
14:28:54.174,5185.7,32369,43339.2,3731
14:28:54.775,5181.9,32372.6,43339.2,3728
14:28:55.404,5173.5,32370.9,43339.2,3728
14:28:56.113,5168.6,32361.6,43339.2,3724
14:28:56.788,5156.6,32376.2,43339.2,3722
14:28:57.448,5120.1,32390.6,43339.2,3719
14:28:58.172,5093.4,32439.3,43339.2,3717
14:28:58.861,5122.9,32439.1,43339.2,3743
14:28:59.520,5144.4,32429.8,43339.2,3772
14:29:00.181,5162.4,32435.9,43339.2,3796
14:29:00.814,5144.1,32456.1,43339.2,3801
14:29:01.449,5148.1,32443,43339.2,3800
14:29:02.148,5136,32457.4,43339.2,3798
14:29:02.759,5121.4,32461.9,43339.2,3796
14:29:03.356,5119.9,32440.4,43339.2,3795
14:29:03.971,5119.8,32445.3,43339.2,3795
14:29:04.578,5153.1,32392.5,43339.2,3795
14:29:05.195,5144.8,32395.6,43339.2,3794
14:29:05.824,5147.9,32391.3,43339.2,3792
14:29:06.498,5145.4,32389.9,43339.2,3791
14:29:07.157,5132,32425.4,43339.2,3790
14:29:07.832,5135.7,32417.4,43339.2,3788
14:29:08.460,5123.4,32425.4,43339.2,3788
14:29:09.091,5125.6,32426,43339.2,3786
14:29:09.724,5116.4,32420.1,43339.2,3785
14:29:10.337,5112.4,32417,43339.2,3783
14:29:10.950,5114.8,32415.1,43339.2,3782
14:29:11.549,5107.9,32413.7,43339.2,3781
14:29:12.124,5106.2,32417.7,43339.2,3779
14:29:12.712,5105.9,32413.2,43339.2,3778
14:29:13.300,5095.7,32416.9,43339.2,3777
14:29:13.935,5089.4,32640,43339.2,3776
14:29:14.594,5088.3,32644.1,43339.2,3775
14:29:15.217,5082.5,32639.1,43339.2,3773
14:29:15.840,5085.9,32641.1,43339.2,3773
14:29:16.467,5078,32642.8,43339.2,3772
14:29:17.104,5080,32639.9,43339.2,3770
14:29:17.707,5069.6,32642.8,43339.2,3769
14:29:18.283,5067.4,32645.5,43339.2,3768
14:29:18.982,5073.2,32636.7,43339.2,3766
14:29:19.563,5080.7,32623,43339.2,3764
14:29:20.187,5063.3,32633.6,43339.2,3763
14:29:20.784,5047.2,32655,43339.2,3762
14:29:21.480,5071.7,32650.9,43339.2,3761
14:29:22.109,5057,32657,43339.2,3759
14:29:22.728,5046.6,32671.7,43339.2,3758
14:29:23.403,5038.2,32669.3,43339.2,3757
14:29:24.125,5042.8,32659.2,43339.2,3750
14:29:24.771,5028.8,32657.5,43339.2,3747
14:29:25.410,5031.4,32641.5,43339.2,3746
14:29:26.003,5030.4,32646.3,43339.2,3744
14:29:26.598,5027.5,32643,43339.2,3742
14:29:27.217,5028.9,32640.5,43339.2,3741
14:29:27.868,5022.6,32642.4,43339.2,3738
14:29:28.513,5008.7,32665.8,43339.2,3738
14:29:29.164,5001.1,32645.3,43339.2,3734
14:29:29.788,4945.2,32652.6,43339.2,3732
14:29:30.383,4905.3,32647.6,43339.2,3729
14:29:31.002,4854.6,32653.1,43339.2,3728
14:29:31.690,4839,32649.7,43339.2,3726
14:29:32.355,4847.2,32651.4,43339.2,3725
14:29:32.944,4831.1,32653.5,43339.2,3723
14:29:33.629,4784.9,32648.8,43339.2,3721
14:29:34.296,4783.9,32650,43339.2,3719
14:29:34.962,4788.9,32653.5,43339.2,3717
14:29:35.658,4793.6,32650,43339.2,3713
14:29:36.222,4714.3,32680.3,43339.2,3711
14:29:36.803,5169.7,31972.3,43339.2,3699
14:29:37.428,5217.5,31970.4,43339.2,3697
14:29:38.008,5219,31966.7,43339.2,3696
14:29:38.617,5259.8,31960.7,43339.2,3694
14:29:39.196,5255.6,31961.6,43339.2,3692
14:29:39.788,5270,31957.4,43339.2,3691
14:29:40.375,5271.3,31953.3,43339.2,3689
14:29:40.965,5288.8,31943.4,43339.2,3688
14:29:41.572,5287.4,31947,43339.2,3686
14:29:42.206,5284.2,31855.3,43339.2,3665
14:29:42.866,5500,31545,43339.2,3617
14:29:43.423,5501.4,31541.5,43339.2,3616
14:29:44.039,5514.4,31535.7,43339.2,3614
14:29:44.628,5534.3,31533.8,43339.2,3612
14:29:45.218,5539.8,31540,43339.2,3611
14:29:45.768,5536.2,31535.2,43339.2,3610
14:29:46.322,5537.9,31532.4,43339.2,3609
14:29:46.878,5538.7,31526.8,43339.2,3607
14:29:47.463,5530.2,31531.6,43339.2,3605
14:29:48.082,5540.3,31525.8,43339.2,3603
14:29:48.687,5532.9,31531.4,43339.2,3602
14:29:49.281,5543.4,31527.5,43339.2,3600
14:29:49.896,5537.2,31532,43339.2,3598
14:29:50.494,5546.2,31526.3,43339.2,3597
14:29:51.084,5541.8,31531.4,43339.2,3595
14:29:51.658,5546,31524.9,43339.2,3594
14:29:52.320,5550.9,31526.5,43339.2,3593
14:29:52.876,5544.1,31528.6,43339.2,3592
14:29:53.443,5551.5,31528.1,43339.2,3592
14:29:54.009,5549.6,31529.6,43339.2,3589
14:29:54.614,5553.9,31525.5,43339.2,3588
14:29:55.265,5552.6,31529,43339.2,3587
14:29:55.834,5557.2,31525.5,43339.2,3586
14:29:56.403,5560.7,31524.4,43339.2,3585
14:29:57.005,5553.9,31529.4,43339.2,3584
14:29:57.586,5582.1,31514.5,43339.2,3582
14:29:58.140,5579.9,31518.4,43339.2,3581
14:29:58.720,5579,31513.9,43339.2,3580
14:29:59.299,5576.8,31515.3,43339.2,3579
14:29:59.877,5583.9,31511.9,43339.2,3578
14:30:00.469,5587.8,31514.2,43339.2,3578
14:30:01.015,5584.6,31517.1,43339.2,3578
14:30:01.617,5582,31526.8,43339.2,3577
14:30:02.233,5533.9,31676.8,43339.2,3575
14:30:02.905,5423.9,31822.9,43339.2,3572
14:30:03.533,5421,31760.7,43339.2,3570
14:30:04.123,5408.6,31781,43339.2,3568
14:30:04.711,5561.8,31518.3,43339.2,3566
14:30:05.365,5565.7,31523.6,43339.2,3564
14:30:05.963,5563.7,31518,43339.2,3563
14:30:06.597,5563.7,31518.5,43339.2,3562
14:30:07.235,5561.8,31531.5,43339.2,3560
14:30:07.808,5560.7,31519.2,43339.2,3558
14:30:08.380,5566.5,31522.4,43339.2,3557
14:30:09.031,5551.9,31531.6,43339.2,3554
14:30:09.642,5549,31533.3,43339.2,3551
14:30:10.219,5511.7,31608.7,43339.2,3550
14:30:10.751,5543.5,31571.8,43339.2,3548
14:30:11.305,5536.1,31571.3,43339.2,3545
14:30:11.872,5538.9,31568.3,43339.2,3544
14:30:12.421,5536.2,31570.4,43339.2,3542
14:30:12.986,5538.4,31567.7,43339.2,3541
14:30:13.573,5535.7,31570.4,43339.2,3539
14:30:14.114,5538.9,31567.3,43339.2,3537
14:30:14.664,5534.9,31570.2,43339.2,3536
14:30:15.235,5535.4,31567.7,43339.2,3534
14:30:15.801,5535.7,31570.6,43339.2,3533
14:30:16.375,5491.8,31616.9,43339.2,3531
14:30:16.944,5447.8,31648.8,43339.2,3528
14:30:17.513,5413.1,31674.8,43339.2,3526
14:30:18.080,5368.7,31728.6,43339.2,3523
14:30:18.624,5346.6,31736.6,43339.2,3521
14:30:19.187,5334.8,31746.1,43339.2,3519
14:30:19.732,5349.7,31541.6,43339.2,3356
14:30:20.294,5338,31560.8,43339.2,3354
14:30:20.845,5309.6,31588.4,43339.2,3353
14:30:21.439,5405.6,31479.2,43339.2,3350
14:30:22.009,5365.1,31513.3,43339.2,3349
14:30:22.568,5351.8,31515.2,43339.2,3348
14:30:23.161,5340.9,31530.3,43339.2,3346
14:30:23.711,5330.8,31534.3,43339.2,3344
14:30:24.277,5397.5,31456.2,43339.2,3343
14:30:24.856,5322.9,31450.7,43339.2,3342
14:30:25.424,5294.5,31468.7,43339.2,3341
14:30:25.991,5246.4,31514.2,43339.2,3340
14:30:26.572,5186.9,31560.2,43339.2,3339
14:30:27.149,5173.9,31596.7,43339.2,3339
14:30:27.727,5076.6,31634.5,43339.2,3339
14:30:28.289,4952.4,31664.3,43339.2,3338
14:30:28.867,4990.9,31653.7,43339.2,3338
14:30:29.436,5084.2,31560.9,43339.2,3337
14:30:30.018,5100.3,31555.3,43339.2,3337
14:30:30.629,5100.6,31544.6,43339.2,3337
14:30:31.184,5117,31551.6,43339.2,3337
14:30:31.777,5113.5,31544.5,43339.2,3337
14:30:32.324,5117.3,31551.7,43339.2,3337
14:30:32.875,5199.2,31547.9,43339.2,3337
14:30:33.434,5283.9,31554.4,43339.2,3337
14:30:34.025,5298.7,31549.2,43339.2,3337
14:30:34.585,5327.9,31550.4,43339.2,3336
14:30:35.151,5325.1,31554,43339.2,3335
14:30:35.736,5350.9,31535.5,43339.2,3335
14:30:36.321,5350.8,31549.8,43339.2,3335
14:30:36.870,5345,31545.9,43339.2,3335
14:30:37.427,5348.7,31545.8,43339.2,3335
14:30:37.989,5344.3,31545.4,43339.2,3335
14:30:38.588,5346.9,31549.4,43339.2,3334
14:30:39.148,5350.8,31541.2,43339.2,3334
14:30:39.736,5347.5,31542.4,43339.2,3334
14:30:40.288,5350.9,31540.9,43339.2,3334
14:30:40.868,5348.6,31544,43339.2,3334
14:30:41.456,5353.2,31540.5,43339.2,3334
14:30:42.057,5352.7,31538.3,43339.2,3334
14:30:42.632,5347.1,31547.7,43339.2,3334
14:30:43.188,5349.9,31540.9,43339.2,3334
14:30:43.750,5344.1,31545.7,43339.2,3334
14:30:44.326,5352.9,31545.6,43339.2,3334
14:30:44.916,5337.7,31550.2,43339.2,3334
14:30:45.518,5343.8,31546.1,43339.2,3334
14:30:46.081,5338.2,31551.5,43339.2,3334
14:30:46.676,5345.6,31545.8,43339.2,3334
14:30:47.277,5319.2,31564.3,43339.2,3333
14:30:47.830,5338.9,31543.6,43339.2,3333
14:30:48.373,5338.3,31553.9,43339.2,3333
14:30:48.965,5319,31571,43339.2,3332
14:30:49.536,5321.5,31561.1,43339.2,3332
14:30:50.126,5318.4,31560.7,43339.2,3332
14:30:50.696,5329.1,31551.6,43339.2,3332
14:30:51.247,5327.4,31549,43339.2,3332
14:30:51.804,5328.6,31546.9,43339.2,3332
14:30:52.373,5334,31554.5,43339.2,3332
14:30:52.925,5327.3,31551.7,43339.2,3332
14:30:53.468,5330.3,31554.8,43339.2,3332
14:30:54.049,5330.6,31552.2,43339.2,3332
14:30:54.632,5336.1,31548.8,43339.2,3332
14:30:55.184,5334.2,31549.8,43339.2,3332
14:30:55.735,5343,31544.4,43339.2,3331
14:30:56.289,5330,31546.4,43339.2,3331
14:30:56.846,5331.5,31542.1,43339.2,3331
14:30:57.398,5332.9,31545.1,43339.2,3331
