ts,avail_mb,used_mb,ovms_ws_mb,python_ws_mb_total,cpu_pct
12:12:17,11731,20345,0,12932,11
12:20:22,3908,28168,13041,54,30
12:20:27,3851,28225,13042,54,24
12:20:33,3833,28242,13042,54,23
12:20:38,3819,28257,13042,54,34
12:20:43,3794,28281,13066,54,26
12:20:49,3773,28302,13066,54,31
12:20:54,3756,28319,13066,54,33
12:21:00,3735,28341,13066,54,31
12:21:05,3717,28358,13066,54,23
12:21:10,3706,28369,13066,54,28
12:21:16,3689,28386,13066,54,18
12:21:21,3681,28394,13034,54,30
12:21:27,3661,28415,13034,54,34
12:21:32,3633,28443,13034,54,20
12:21:37,3616,28459,13034,54,24
12:21:43,3603,28472,13034,54,22
12:21:48,3595,28480,13034,54,18
12:21:54,3567,28508,13034,54,21
12:21:59,3549,28526,13034,54,24
12:22:05,3494,28581,13034,54,27
12:22:10,3471,28605,13034,54,35
12:22:15,3437,28639,13035,54,50
12:22:21,3417,28659,13035,54,26
12:22:26,3398,28677,13035,54,23
12:22:32,3407,28669,13035,54,20
12:22:37,3372,28703,13035,54,29
12:22:42,3366,28709,13035,54,19
12:22:48,3355,28720,13035,54,21
12:22:53,3337,28738,13035,54,20
12:22:59,3327,28748,13035,54,24
12:23:04,3292,28783,13043,54,18
12:23:10,3254,28821,13045,54,18
12:23:15,3237,28838,13045,54,22
12:23:20,3232,28844,13045,54,31
12:23:26,3215,28860,13045,54,50
12:23:31,3197,28878,13045,54,32
12:23:37,3167,28908,13045,54,24
12:23:42,3149,28927,13045,54,29
12:23:47,3115,28960,13045,54,36
12:23:53,3052,29023,13045,54,55
12:23:58,3041,29034,13045,54,22
12:24:04,3023,29053,13045,54,40
12:24:09,3020,29056,13013,54,46
12:24:15,2991,29084,13013,54,32
12:24:20,2973,29102,13013,54,34
12:24:25,2970,29105,13013,54,28
12:24:31,2937,29138,13013,54,29
12:24:36,2914,29161,13013,54,37
12:24:42,2901,29174,13013,54,22
12:24:47,2881,29194,13013,54,43
12:24:53,2867,29208,13013,54,29
12:24:58,2843,29232,13013,54,26
12:25:04,2747,29328,13013,54,34
12:25:09,2811,29264,13013,54,37
12:25:14,2795,29280,13013,54,16
12:25:20,2766,29309,13013,54,34
12:25:25,2756,29319,13013,54,39
12:25:31,2728,29347,13013,54,33
12:25:36,2691,29384,13013,54,24
12:25:41,2683,29392,13013,54,27
12:25:47,2669,29406,13013,54,20
12:25:52,2643,29433,13013,54,31
12:25:58,2626,29449,13013,54,23
12:26:03,2609,29466,13013,54,50
12:26:09,2607,29468,13013,54,24
12:26:14,2607,29468,13013,54,30
12:26:20,2576,29499,13013,54,32
12:26:25,2550,29525,13013,54,31
12:26:30,2544,29532,13013,54,26
12:26:36,2496,29579,13013,54,25
12:26:41,2478,29597,13021,54,30
12:26:47,2439,29636,13021,53,32
12:26:52,2419,29656,13029,54,38
12:26:57,2230,29846,13028,53,26
12:27:03,2393,29682,13031,54,21
12:27:08,2367,29708,13035,54,35
12:27:13,2357,29718,13035,54,39
12:27:19,2337,29739,13033,54,37
12:27:24,2314,29761,13033,54,35
12:27:30,2304,29772,13033,54,32
12:27:35,2291,29784,13033,54,24
12:27:41,2279,29796,13033,54,41
12:27:46,2258,29817,13033,54,23
12:27:51,2246,29830,13033,54,63
12:27:57,2229,29846,13033,54,32
12:28:02,2214,29861,13033,54,25
12:28:08,2492,29583,11034,54,58
12:28:13,2481,29594,11034,54,26
12:28:20,2486,29589,11034,54,26
12:28:25,2430,29645,11034,54,24
12:28:31,2412,29663,11034,54,21
12:28:36,2262,29814,11034,54,26
12:28:42,5038,27037,11034,54,23
12:28:47,5052,27023,11034,54,21
12:28:52,5055,27020,11034,54,26
12:28:58,4946,27129,11034,54,21
12:29:03,4971,27104,11034,54,19
12:29:08,4957,27119,11034,54,28
12:29:14,4973,27103,11034,54,15
12:29:19,4976,27099,11034,54,35
12:29:25,4969,27106,11034,54,24
12:29:30,4972,27104,11034,54,22
12:29:35,4986,27089,11034,54,34
12:29:41,4976,27099,11034,54,20
12:29:46,4976,27099,11034,54,18
12:29:51,4977,27098,11034,54,16
12:29:57,4989,27086,11034,54,22
12:30:02,4879,27196,11034,54,51
12:30:08,5028,27048,11034,54,23
12:30:13,5033,27042,11034,54,20
12:30:18,5033,27042,11034,54,14
12:30:24,5035,27040,11034,54,15
12:30:29,5033,27042,11034,54,17
12:30:34,5048,27027,11034,54,25
12:30:40,5061,27014,11034,54,15
12:30:45,5064,27011,11034,54,13
12:30:50,5065,27011,11034,54,12
12:30:56,5062,27014,11034,54,13
12:31:01,5063,27012,11034,54,15
12:31:06,5064,27011,11034,54,18
12:31:12,5064,27012,11034,54,21
12:31:17,5048,27028,11034,54,20
12:31:22,5049,27026,11034,54,16
12:31:28,5059,27017,11034,54,15
12:31:33,5058,27017,11034,54,16
12:31:38,5056,27019,11034,54,25
12:31:44,5051,27024,11034,54,17
12:31:49,5056,27019,11034,54,19
12:31:54,5054,27021,11034,54,20
12:31:59,5047,27028,11034,54,13
12:32:05,5043,27032,11034,54,16
12:32:10,5044,27032,11034,54,16
12:32:15,5050,27025,11034,54,21
12:32:21,5043,27032,11034,54,46
12:32:26,5045,27030,11034,54,21
12:32:32,5048,27027,11034,54,33
12:32:37,5042,27033,11034,54,22
12:32:42,5048,27028,11034,54,15
12:32:48,5051,27024,11034,54,22
12:32:53,5047,27028,11034,54,21
12:32:58,5006,27069,11034,54,17
12:33:04,5026,27050,11034,54,22
12:33:09,5031,27045,11034,54,27
12:33:14,5025,27050,11034,54,23
12:33:20,5023,27053,11034,54,19
12:33:25,5003,27072,11035,54,13
12:33:30,5004,27071,11035,54,13
12:33:36,5007,27069,11035,54,22
12:33:41,4998,27077,11035,54,15
12:33:46,4983,27092,11035,54,19
12:33:52,4995,27080,11035,54,16
12:33:57,4986,27089,11035,54,24
12:34:02,4982,27093,11035,54,19
12:34:08,4983,27092,11035,54,18
12:34:13,4949,27126,11035,54,23
12:34:18,4967,27109,11035,54,16
12:34:24,4962,27113,11035,54,19
12:34:29,4968,27107,11035,54,18
12:34:34,4964,27111,11035,54,18
12:34:40,4937,27138,11035,54,26
12:34:45,5004,27072,11035,54,19
12:34:50,4986,27089,11035,54,21
12:34:56,4884,27191,11035,53,31
12:35:01,4982,27093,11037,54,23
12:35:06,4967,27109,11045,54,26
12:35:11,4982,27093,11045,54,38
12:35:17,4985,27090,11045,54,29
12:35:22,4988,27087,11043,54,19
12:35:27,4983,27092,11043,54,18
12:35:33,4989,27086,11043,54,14
12:35:38,4991,27084,11043,54,17
12:35:43,4986,27090,11043,54,16
12:35:49,4987,27088,11043,54,17
12:35:54,4998,27077,11043,54,19
12:35:59,4995,27080,11043,54,20
12:36:05,5001,27075,11043,54,14
12:36:10,4991,27084,11043,54,16
12:36:15,4998,27078,11043,54,13
12:36:21,4997,27078,11043,54,28
12:36:26,4993,27083,11043,54,16
12:36:31,4992,27083,11043,54,13
12:36:37,4996,27079,11043,54,16
12:36:42,4997,27079,11043,54,18
12:36:47,4997,27079,11043,54,19
12:36:53,4997,27079,11043,54,18
12:36:58,5000,27075,11043,54,13
12:37:03,5003,27072,11043,54,22
12:37:09,4998,27077,11043,54,18
12:37:14,4969,27107,11043,54,17
12:37:19,4974,27101,11043,54,18
12:37:25,4977,27098,11043,54,19
12:37:30,4973,27102,11043,54,20
12:37:35,4969,27106,11043,54,21
12:37:41,4976,27099,11043,54,14
12:37:46,4976,27099,11043,54,19
12:37:51,4976,27099,11043,54,21
12:37:57,4978,27097,11043,54,19
12:38:02,4986,27090,11043,54,13
12:38:07,4988,27088,11043,54,17
12:38:13,4999,27077,11043,54,22
12:38:18,5009,27066,11043,54,13
12:38:23,5011,27064,11043,54,25
12:38:29,5013,27063,11043,54,14
12:38:34,5010,27065,11043,54,15
12:38:39,5011,27064,11043,54,15
12:38:45,5005,27070,11043,54,14
12:38:50,5012,27063,11043,54,14
12:38:55,5011,27064,11043,54,27
12:39:01,5006,27070,11043,54,15
12:39:06,5009,27066,11043,54,20
12:39:11,5012,27063,11043,54,15
12:39:17,5008,27067,11043,54,17
12:39:22,5011,27064,11043,54,14
12:39:27,5012,27063,11043,54,18
12:39:33,5012,27063,11043,54,13
12:39:38,5012,27063,11043,54,18
12:39:43,5011,27064,11043,54,15
12:39:49,5012,27063,11043,54,15
12:39:54,4993,27082,11043,54,31
12:39:59,4992,27083,11043,54,16
12:40:05,4987,27088,11043,54,28
12:40:10,4995,27080,11043,54,14
12:40:15,4986,27089,11043,54,18
12:40:21,4992,27083,11043,54,16
12:40:26,4994,27081,11043,54,18
12:40:31,4991,27084,11043,54,15
12:40:37,4997,27078,11043,54,21
12:40:42,4992,27083,11043,54,17
12:40:47,4988,27087,11043,54,15
12:40:52,4985,27091,11043,54,15
12:40:58,4989,27086,11041,54,20
12:41:03,4972,27103,11041,55,18
12:41:08,4974,27101,11041,55,37
12:41:14,4964,27111,11049,55,22
12:41:19,4771,27304,11049,54,27
12:41:24,4803,27273,11053,55,23
12:41:30,4789,27286,11053,55,23
12:41:35,4792,27283,11053,55,19
12:41:40,4792,27283,11053,55,21
12:41:46,4797,27279,11054,55,16
12:41:51,4805,27270,11054,55,23
12:41:56,4798,27278,11054,55,19
12:42:02,4780,27295,11054,55,20
12:42:07,4790,27285,11054,55,27
12:42:12,4806,27270,11054,55,20
12:42:18,4798,27278,11054,55,24
12:42:23,4796,27279,11054,55,31
12:42:28,4798,27278,11054,55,16
12:42:33,4787,27288,11061,55,16
12:42:39,4782,27293,11061,55,16
12:42:44,4777,27298,11068,55,16
12:42:50,4786,27289,11064,55,14
12:42:55,4794,27281,11064,55,14
12:43:00,4791,27284,11064,55,17
12:43:05,4791,27284,11064,55,18
12:43:11,4797,27278,11064,55,13
12:43:16,4790,27285,11064,55,20
12:43:21,4791,27284,11064,55,16
12:43:27,4797,27279,11064,55,19
12:43:32,4793,27282,11064,55,26
12:43:38,4795,27280,11064,55,13
12:43:43,4798,27278,11064,55,25
12:43:48,4790,27286,11065,55,18
12:43:54,4795,27280,11065,55,25
12:43:59,4794,27282,11065,55,19
12:44:04,4790,27285,11065,55,24
12:44:10,4794,27282,11065,55,16
12:44:15,4795,27281,11065,55,18
12:44:21,4811,27264,11065,55,14
12:44:26,4778,27298,11065,55,23
12:44:31,4788,27287,11065,55,16
12:44:37,4781,27294,11070,55,14
12:44:42,4784,27291,11070,55,16
12:44:48,4781,27294,11070,55,14
12:44:53,4781,27294,11070,55,15
12:44:58,4786,27289,11070,55,14
12:45:04,4772,27303,11070,55,17
12:45:09,4774,27301,11070,55,19
12:45:14,4767,27309,11076,55,17
12:45:20,4769,27306,11076,55,15
12:45:25,4780,27295,11076,55,15
12:45:30,4785,27290,11076,55,21
12:45:36,4788,27288,11076,55,16
12:45:41,4789,27287,11076,55,16
12:45:46,5158,26917,11076,53,17
12:45:51,4830,27245,11081,54,17
12:45:57,4851,27225,11081,54,21
12:46:02,4909,27166,11081,54,17
12:46:07,4907,27168,11081,54,22
12:46:13,4895,27180,11094,54,16
12:46:18,4887,27189,11103,54,19
12:46:23,4895,27180,11107,54,25
12:46:29,4895,27180,11107,54,14
12:46:34,4889,27186,11107,54,42
12:46:39,4888,27188,11116,54,16
12:46:45,4877,27198,11121,54,21
12:46:50,4863,27212,11121,54,29
12:46:56,4854,27221,11128,54,19
12:47:01,4869,27206,11128,54,16
12:47:06,4883,27192,11112,54,21
12:47:12,4883,27193,11114,54,18
12:47:17,4884,27191,11114,54,22
12:47:22,4861,27214,11144,54,26
12:47:27,4864,27211,11144,54,13
12:47:33,4855,27220,11144,54,15
12:47:38,4860,27216,11140,54,13
12:47:44,4864,27212,11140,54,23
12:47:49,4864,27211,11140,54,20
12:47:54,4861,27214,11140,54,18
12:48:00,4877,27198,11140,54,23
12:48:05,4884,27192,11140,54,34
12:48:10,4881,27195,11140,54,18
12:48:16,4881,27195,11140,54,18
12:48:21,4880,27196,11140,54,30
12:48:26,4883,27192,11140,54,25
12:48:31,4886,27189,11140,54,21
12:48:37,4886,27189,11140,54,17
12:48:42,4886,27189,11140,54,20
12:48:47,4887,27188,11140,54,13
12:48:53,4882,27193,11140,54,18
12:48:58,4884,27191,11140,54,18
12:49:03,4888,27187,11140,54,16
12:49:09,4890,27185,11140,54,16
12:49:14,4897,27178,11140,54,16
12:49:19,4897,27179,11140,54,17
12:49:25,4888,27188,11140,54,14
12:49:30,4890,27185,11140,54,19
12:49:35,4899,27176,11140,54,18
12:49:41,4895,27180,11140,54,13
12:49:46,4881,27195,11140,54,15
12:49:51,4860,27216,11140,54,23
12:49:57,4868,27208,11140,54,12
12:50:02,4701,27374,11140,54,26
12:50:08,4862,27213,11140,54,16
12:50:13,4863,27212,11140,54,12
12:50:18,4864,27211,11140,54,13
12:50:24,4869,27206,11140,54,15
12:50:29,4873,27202,11140,54,18
12:50:34,4885,27190,11140,54,12
12:50:40,4888,27187,11140,54,14
12:50:45,4890,27186,11140,54,18
12:50:50,4890,27186,11140,54,21
12:50:56,4859,27216,11140,54,20
12:51:01,4845,27230,11140,54,19
12:51:06,4760,27315,11140,54,14
12:51:11,4840,27235,11150,54,18
12:51:17,4842,27233,11150,54,22
12:51:22,4841,27234,11150,55,34
12:51:27,4846,27230,11150,55,18
12:51:33,4847,27228,11150,55,21
12:51:38,4845,27230,11150,55,17
12:51:43,4849,27226,11150,55,19
12:51:49,4850,27225,11150,55,22
12:51:54,4870,27205,11132,55,22
12:51:59,4882,27193,11132,55,16
12:52:05,4882,27194,11132,55,16
12:52:10,4887,27188,11128,55,18
12:52:15,4888,27187,11128,55,14
12:52:21,4889,27186,11128,55,26
12:52:26,4886,27189,11128,55,12
12:52:31,4887,27188,11128,55,15
12:52:37,4888,27187,11128,55,13
12:52:42,4890,27185,11128,55,15
12:52:47,4890,27185,11128,55,15
12:52:53,4862,27213,11128,55,15
12:52:58,4869,27207,11128,55,20
12:53:03,4876,27199,11128,55,22
12:53:09,4866,27209,11128,55,22
12:53:14,4878,27197,11128,55,17
12:53:19,4878,27197,11128,55,17
12:53:25,4872,27203,11128,55,18
12:53:30,4873,27202,11128,55,18
12:53:35,4879,27196,11128,55,21
12:53:41,4876,27199,11128,55,20
12:53:46,4872,27203,11128,55,24
12:53:51,4877,27199,11128,55,12
12:53:57,4880,27196,11128,55,21
12:54:02,4880,27196,11128,55,20
12:54:07,4877,27198,11128,55,15
12:54:13,4876,27199,11128,55,29
12:54:18,4880,27195,11128,55,13
12:54:24,4870,27205,11128,55,20
12:54:29,4874,27201,11128,55,20
12:54:34,4879,27196,11128,55,22
12:54:40,4878,27198,11128,55,21
12:54:45,4876,27199,11128,55,19
12:54:50,4850,27225,11128,55,22
12:54:56,4854,27221,11128,55,14
12:55:01,4870,27206,11129,55,18
12:55:06,4850,27225,11129,55,20
12:55:12,4851,27224,11129,55,26
12:55:17,4861,27214,11129,55,16
12:55:22,4856,27219,11129,55,22
12:55:28,4859,27217,11129,55,17
12:55:33,4865,27210,11129,55,15
12:55:38,4860,27215,11129,55,17
12:55:44,4851,27224,11129,55,19
12:55:49,4867,27209,11129,55,15
12:55:54,4884,27191,11129,55,18
12:56:00,4883,27193,11129,55,16
12:56:05,4883,27192,11129,55,15
12:56:10,4878,27197,11129,55,26
12:56:16,4883,27192,11129,55,14
12:56:21,4888,27187,11129,55,17
12:56:26,4881,27194,11129,55,20
12:56:32,4883,27192,11129,55,14
12:56:37,4883,27192,11129,55,22
12:56:42,4886,27189,11129,55,15
12:56:48,4889,27186,11129,55,23
12:56:53,4884,27191,11129,55,14
12:56:58,4882,27194,11129,55,16
12:57:04,4888,27187,11129,55,15
12:57:09,4888,27187,11129,55,15
12:57:14,4881,27194,11129,55,25
12:57:20,4891,27184,11129,55,20
12:57:25,4881,27194,11129,55,24
12:57:30,4884,27192,11129,55,29
12:57:36,4895,27180,11129,55,18
12:57:41,4882,27193,11129,55,25
12:57:46,4878,27197,11129,55,17
12:57:52,4883,27192,11129,55,22
12:57:57,4880,27195,11129,55,23
12:58:02,4885,27190,11129,55,11
12:58:08,4885,27190,11129,55,18
12:58:13,4875,27200,11129,55,22
12:58:18,4886,27189,11129,55,18
12:58:24,4896,27179,11129,55,19
12:58:29,4888,27188,11129,55,21
12:58:34,4873,27202,11129,55,28
12:58:40,4869,27206,11129,55,21
12:58:45,4857,27219,11129,55,26
12:58:50,4861,27214,11129,55,26
12:58:56,4866,27209,11129,55,18
12:59:01,4876,27200,11129,55,25
12:59:06,4873,27202,11129,55,19
12:59:12,4877,27199,11129,55,18
12:59:17,4871,27205,11129,55,18
12:59:22,4879,27196,11129,55,20
12:59:28,4877,27198,11129,55,22
12:59:33,4871,27204,11129,55,28
12:59:39,4875,27200,11129,55,24
12:59:44,4840,27236,11129,55,20
12:59:49,4844,27231,11129,55,27
12:59:55,4849,27226,11129,55,23
13:00:00,4864,27211,11129,55,18
13:00:05,4842,27234,11129,55,20
13:00:11,4847,27229,11129,55,19
13:00:16,4824,27251,11131,55,14
13:00:22,4862,27213,11131,55,19
13:00:28,4847,27229,11131,55,28
13:00:33,4842,27233,11131,55,16
13:00:38,4843,27232,11131,55,16
13:00:44,4841,27234,11131,55,17
13:00:49,4839,27236,11131,55,16
13:00:54,4846,27230,11131,55,11
13:01:00,4840,27235,11131,55,23
13:01:05,4841,27234,11131,55,16
13:01:10,4848,27228,11131,55,18
13:01:16,4823,27252,11136,55,15
13:01:21,4812,27263,11156,55,16
13:01:26,4803,27273,11156,56,36
13:01:32,4808,27267,11156,56,18
13:01:37,4812,27263,11164,56,26
13:01:42,4815,27260,11164,56,29
13:01:48,4813,27262,11164,56,17
13:01:53,4816,27259,11159,56,31
13:01:58,4776,27300,11169,55,32
13:02:04,4784,27291,11169,55,23
13:02:09,4784,27292,11169,55,16
13:02:14,4803,27273,11164,55,42
13:02:20,4813,27262,11164,55,31
13:02:25,4816,27260,11164,55,12
13:02:31,4813,27262,11164,55,13
13:02:36,4815,27260,11164,55,16
13:02:41,4817,27258,11164,55,13
13:02:47,4819,27257,11165,55,14
13:02:52,4817,27259,11165,55,16
13:02:57,4821,27254,11165,55,17
13:03:03,4821,27254,11165,55,22
13:03:08,4823,27252,11165,55,21
13:03:13,4823,27253,11165,55,18
13:03:19,4805,27271,11165,55,25
13:03:24,4809,27267,11165,55,19
13:03:29,4815,27260,11165,55,16
13:03:35,4806,27269,11165,55,15
13:03:40,4807,27268,11165,55,18
13:03:45,4810,27265,11165,55,35
13:03:51,4794,27281,11165,55,26
13:03:56,4796,27279,11165,55,13
13:04:01,4810,27265,11165,55,24
13:04:07,4813,27262,11165,55,25
13:04:12,4814,27261,11165,55,20
13:04:17,4814,27261,11165,55,16
13:04:23,4816,27259,11165,55,33
13:04:28,4813,27262,11165,55,19
13:04:34,4818,27258,11165,55,16
13:04:39,4816,27259,11165,55,18
13:04:44,4818,27257,11165,55,15
13:04:50,4817,27258,11165,55,17
13:04:55,4817,27258,11165,55,20
13:05:00,4818,27258,11165,55,19
13:05:06,4746,27330,11165,55,22
13:05:11,4735,27340,11165,55,31
13:05:16,4833,27243,11165,55,18
13:11:53,4285,27791,11202,55,34
13:11:59,4297,27779,11199,55,38
13:12:04,4309,27766,11199,55,26
13:12:10,4327,27749,11199,55,24
13:12:15,4322,27753,11199,55,17
13:12:20,4321,27755,11203,55,42
13:12:26,4316,27760,11203,55,29
13:12:31,4299,27776,11203,55,25
13:12:37,4298,27777,11199,55,18
13:12:42,4308,27767,11199,55,37
13:12:48,4298,27777,11199,55,30
13:12:53,4289,27787,11199,55,35
13:12:59,4064,28012,11199,55,100
13:13:04,3822,28253,11203,55,25
13:13:10,4252,27823,11203,55,30
13:13:15,4254,27822,11203,55,30
13:13:21,4251,27825,11199,55,30
13:13:26,4265,27810,11199,55,26
13:13:31,4267,27808,11199,55,25
13:13:37,4267,27808,11199,55,17
13:13:42,4271,27804,11199,55,19
13:13:48,4270,27805,11203,55,20
13:13:53,4265,27811,11203,55,24
13:13:59,4262,27813,11203,55,44
13:14:04,4263,27812,11199,55,29
13:14:09,4267,27809,11199,55,23
13:14:15,4272,27803,11199,55,27
13:14:20,4276,27800,11199,55,30
13:14:26,4273,27803,11199,55,20
13:14:31,4268,27807,11203,55,27
13:14:36,4269,27807,11203,55,23
13:14:42,4267,27809,11199,55,18
13:14:47,4264,27812,11199,55,19
13:14:52,4274,27802,11199,55,24
13:14:58,4272,27803,11199,55,22
13:15:03,4174,27901,11199,55,25
13:15:09,4249,27826,11199,55,27
13:15:14,4253,27823,11203,55,22
13:15:20,4266,27810,11203,55,19
13:15:25,4263,27812,11203,55,19
13:15:30,4266,27809,11199,55,26
13:15:36,4259,27817,11199,55,30
13:15:41,4265,27810,11199,55,26
13:15:47,4255,27821,11199,55,30
13:15:52,4607,27468,11203,55,51
13:15:58,12264,19811,3761,56,19
13:16:03,25102,6973,0,278,30
13:16:08,24883,7192,0,485,29
13:16:14,24878,7197,0,496,29
13:16:19,24591,7484,0,821,21
13:16:25,11170,20906,0,14243,54
13:16:30,6971,25104,0,18356,48
13:16:36,15566,16509,0,9767,24
13:16:41,15542,16533,0,9768,23
13:16:46,12369,19706,0,12903,21
13:16:52,12264,19811,0,12929,22
13:16:57,12152,19923,0,12943,12
13:17:02,12150,19926,0,12943,6
13:17:08,12163,19913,0,12943,19
13:17:13,12171,19904,0,12911,6
13:17:18,12177,19898,0,12911,18
13:17:24,12197,19878,0,12911,7
13:17:29,12193,19882,0,12911,11
13:17:34,12210,19865,0,12911,18
13:17:40,12207,19869,0,12911,7
13:17:45,12186,19889,0,12911,16
13:17:50,12206,19870,0,12911,6
13:17:56,12185,19890,0,12911,21
13:18:01,12194,19881,0,12911,12
13:18:06,12215,19860,0,12911,8
13:18:12,12208,19867,0,12911,6
13:18:17,12205,19870,0,12911,9
13:18:22,12203,19873,0,12911,10
13:18:28,12212,19863,0,12911,9
13:18:33,12208,19868,0,12911,6
13:18:38,12206,19869,0,12911,9
13:18:44,12204,19871,0,12911,11
13:18:49,12194,19882,0,12911,8
13:18:54,12190,19886,0,12911,6
13:19:00,12187,19888,0,12911,7
13:19:05,12182,19894,0,12911,14
13:19:10,12178,19898,0,12911,7
13:19:16,12176,19899,0,12911,8
13:19:21,12188,19887,0,12911,9
13:19:26,12181,19895,0,12911,4
13:19:32,12157,19918,0,12911,17
13:19:37,12179,19896,0,12911,20
13:19:42,12174,19901,0,12911,7
13:19:48,12192,19883,0,12911,12
13:19:53,12190,19885,0,12911,10
13:19:58,12183,19892,0,12911,22
13:20:04,12159,19917,0,12911,23
13:20:09,12227,19848,0,12911,12
13:20:14,12189,19886,0,12911,23
13:20:20,12185,19890,0,12911,9
13:20:25,12191,19885,0,12911,17
13:20:30,12187,19888,0,12911,18
13:20:36,12192,19884,0,12911,11
13:20:41,12188,19887,0,12911,8
13:20:46,12183,19892,0,12911,5
13:20:52,12185,19891,0,12911,9
13:20:57,12184,19892,0,12911,9
13:21:02,12173,19902,0,12911,20
13:21:08,12152,19923,0,12921,17
13:21:13,12166,19909,0,12921,12
13:21:18,12160,19915,0,12921,7
13:21:24,12150,19926,0,12921,4
13:21:29,12160,19915,0,12921,5
13:21:34,12158,19917,0,12921,13
13:21:40,12161,19915,0,12921,7
13:21:45,12158,19917,0,12921,12
13:21:50,12152,19923,0,12921,18
13:21:56,12170,19905,0,12921,6
13:22:01,12168,19907,0,12921,15
13:22:06,12162,19913,0,12921,5
13:22:12,12166,19909,0,12921,6
13:22:17,12155,19921,0,12921,15
13:22:22,12150,19925,0,12921,20
13:22:28,12157,19918,0,12921,6
13:22:33,12162,19913,0,12921,7
13:22:38,12156,19919,0,12921,19
13:22:44,12157,19918,0,12921,12
13:22:49,12138,19937,0,12921,12
13:22:54,12132,19944,0,12921,11
13:23:00,12137,19939,0,12921,24
13:23:05,12135,19940,0,12921,14
13:23:10,12128,19947,0,12921,6
13:23:16,12128,19947,0,12921,10
13:23:21,12128,19948,0,12921,10
13:23:26,12121,19955,0,12921,18
13:23:32,12122,19953,0,12921,17
13:23:37,12124,19951,0,12921,18
13:23:42,12126,19949,0,12921,14
13:23:48,12141,19934,0,12921,13
13:23:53,12143,19932,0,12921,8
13:23:58,12057,20018,0,12959,34
13:24:04,12071,20004,0,12947,24
13:24:09,12064,20011,0,12947,20
13:24:14,12073,20002,0,12947,17
13:24:20,12106,19970,0,12912,9
13:24:25,12098,19977,0,12912,27
13:24:30,12088,19988,0,12912,9
13:24:36,12043,20032,0,12951,28
13:24:41,12038,20037,0,12951,31
13:24:46,12041,20035,0,12951,19
13:24:52,12022,20053,0,12979,32
13:24:57,12018,20058,0,12978,16
13:25:02,11983,20092,0,12978,11
13:25:08,12035,20040,0,12940,9
13:25:13,12009,20066,0,12940,20
13:25:18,11930,20146,0,12940,11
13:25:24,11427,20648,0,12940,39
13:25:29,11353,20722,0,12940,2
13:25:34,11457,20618,0,12942,5
13:25:40,11394,20681,0,12942,33
13:25:45,11449,20627,0,12942,10
13:25:50,11515,20561,0,12942,17
13:25:56,11511,20564,0,12942,14
13:26:01,11512,20563,0,12942,7
13:26:06,11515,20561,0,12942,27
13:26:12,11508,20567,0,12942,10
13:26:17,11509,20566,0,12942,5
13:26:22,11480,20596,0,12942,12
13:26:28,11488,20587,0,12942,10
13:26:33,11481,20594,0,12942,12
13:26:38,11489,20587,0,12942,14
13:26:44,11488,20587,0,12942,14
13:26:49,11479,20596,0,12942,8
13:26:54,11497,20578,0,12942,10
13:27:00,11490,20585,0,12942,6
13:27:05,11483,20593,0,12942,6
13:27:10,11478,20597,0,12942,13
13:27:16,11475,20601,0,12942,17
13:27:21,11472,20603,0,12942,7
13:27:27,11482,20594,0,12942,11
13:27:32,11486,20590,0,12942,7
13:27:37,11477,20598,0,12942,4
13:27:42,11476,20599,0,12942,10
13:27:48,11470,20605,0,12942,9
13:27:53,11452,20623,0,12942,3
13:27:59,11438,20637,0,12942,8
13:28:04,11444,20632,0,12942,12
13:28:09,11441,20635,0,12942,23
13:28:15,11451,20624,0,12942,18
13:28:20,11473,20602,0,12942,8
13:28:25,11466,20609,0,12942,14
13:28:31,11468,20607,0,12942,9
13:28:36,11468,20607,0,12942,11
13:28:41,11460,20615,0,12942,10
13:28:46,11472,20603,0,12942,9
13:28:52,11475,20600,0,12942,14
13:28:57,11403,20672,0,12942,17
13:29:02,11454,20622,0,12942,15
13:29:08,11463,20612,0,12942,10
13:29:13,11454,20621,0,12942,10
13:29:18,11451,20624,0,12942,15
13:29:24,11442,20633,0,12942,31
13:29:29,11406,20669,0,12942,10
13:29:34,11412,20663,0,12942,4
13:29:40,11404,20671,0,12942,7
13:29:45,11422,20653,0,12942,15
13:29:50,11437,20638,0,12942,10
13:29:56,11426,20649,0,12942,17
13:30:01,11428,20647,0,12942,34
13:30:06,11405,20670,0,12942,14
13:30:12,11429,20646,0,12942,23
13:30:17,11720,20355,0,12942,13
13:30:22,11769,20306,0,12942,20
13:30:28,11760,20315,0,12942,15
13:30:33,11764,20312,0,12942,19
13:30:38,11765,20310,0,12942,17
13:30:44,11747,20328,0,12941,22
13:30:49,11766,20309,0,12941,15
13:30:54,11763,20312,0,12941,14
13:31:00,11794,20281,0,12941,17
13:31:05,11623,20453,0,12941,52
13:31:10,11209,20866,0,12941,27
13:31:16,11110,20965,0,12941,16
13:31:21,11237,20838,0,12941,45
13:31:26,11538,20538,0,12941,45
13:31:32,11712,20363,0,12941,24
13:31:37,11945,20130,0,12941,4
13:31:42,11969,20107,0,12941,9
13:31:48,11973,20102,0,12941,7
13:31:53,11979,20096,0,12941,13
13:31:58,11895,20180,0,12943,40
13:32:04,11862,20213,0,12943,31
13:32:09,11833,20243,0,12944,9
13:32:14,11845,20230,0,12944,0
13:32:20,11876,20199,0,12944,0
13:32:26,11875,20200,0,12944,4
13:32:31,11839,20236,0,12944,7
13:32:36,11823,20252,0,12944,8
13:32:42,11845,20231,0,12944,5
13:32:47,11862,20214,0,12944,6
13:32:52,11862,20213,0,12944,8
13:32:58,11862,20213,0,12944,1
13:33:03,11894,20182,0,12944,6
13:33:08,11877,20198,0,12944,3
13:33:14,11876,20199,0,12944,2
13:33:19,11878,20197,0,12944,11
13:33:24,11858,20217,0,12944,4
13:33:30,11861,20214,0,12944,13
13:33:35,11864,20211,0,12944,4
13:33:40,11864,20211,0,12944,4
13:33:46,11877,20198,0,12944,12
13:33:51,11876,20199,0,12944,1
13:33:56,11883,20192,0,12944,6
13:34:01,11865,20210,0,12944,6
13:34:07,11882,20193,0,12944,2
13:34:12,11882,20193,0,12944,13
13:34:17,11883,20192,0,12944,4
13:34:23,11864,20211,0,12944,6
13:34:28,11863,20212,0,12944,8
13:34:33,11865,20211,0,12944,8
13:34:39,11866,20209,0,12944,3
13:34:44,11866,20209,0,12944,9
13:34:49,11886,20189,0,12944,5
13:34:55,11884,20191,0,12944,2
13:35:00,11884,20191,0,12944,8
13:35:05,11880,20195,0,12944,7
13:35:11,11881,20194,0,12944,5
13:35:16,11885,20190,0,12944,5
13:35:21,11841,20235,0,12944,5
13:35:27,11835,20240,0,12945,11
13:35:32,11853,20222,0,12945,4
13:35:37,11854,20222,0,12945,11
13:35:43,11866,20209,0,12945,9
13:35:48,11866,20209,0,12945,5
13:35:53,11867,20208,0,12945,11
13:35:59,11868,20207,0,12945,15
13:36:04,11866,20209,0,12945,8
13:36:09,11860,20215,0,12945,0
13:36:15,11855,20220,0,12945,10
13:36:20,11856,20220,0,12945,2
13:36:25,11856,20219,0,12945,5
13:36:31,11856,20219,0,12945,5
13:36:36,11861,20215,0,12945,6
13:36:41,11871,20204,0,12945,4
13:36:47,11875,20201,0,12945,5
13:36:52,11875,20200,0,12945,5
13:36:57,11875,20201,0,12945,5
13:37:03,11874,20201,0,12945,5
13:37:08,11874,20202,0,12945,9
13:37:13,11876,20199,0,12945,7
13:37:18,11871,20204,0,12945,16
13:37:24,11874,20201,0,12945,6
13:37:29,11876,20200,0,12945,5
13:37:34,11878,20197,0,12945,2
13:37:40,11878,20197,0,12945,10
13:37:45,11878,20197,0,12945,12
13:37:50,11879,20197,0,12945,3
13:37:56,11874,20201,0,12945,12
13:38:01,11788,20287,0,12945,21
13:38:06,11714,20361,0,12945,20
13:38:12,11920,20156,0,12945,9
13:38:17,11950,20125,0,12945,4
13:38:22,10919,21156,0,14002,14
13:38:28,11974,20101,0,12945,3
13:38:33,12016,20059,0,12945,12
13:38:38,12028,20047,0,12945,4
13:38:44,12039,20036,0,12945,3
13:38:49,12048,20027,0,12945,5
13:38:54,12070,20005,0,12945,5
13:39:00,12073,20002,0,12945,9
13:39:05,12075,20000,0,12945,5
13:39:10,12076,19999,0,12945,2
13:39:16,12077,19998,0,12945,4
13:39:21,12081,19994,0,12945,1
13:39:26,12080,19995,0,12945,11
13:39:32,12068,20007,0,12945,9
13:39:37,12071,20004,0,12945,5
13:39:42,12070,20005,0,12945,15
13:39:48,12074,20001,0,12945,5
13:39:53,12089,19986,0,12945,2
13:39:58,12091,19985,0,12945,9
13:40:03,12074,20001,0,12945,6
13:40:09,12076,20000,0,12945,8
13:40:14,12076,19999,0,12945,5
13:40:19,12078,19997,0,12945,10
13:40:25,12082,19993,0,12945,11
13:40:30,12076,19999,0,12945,4
13:40:35,12072,20003,0,12945,19
13:40:41,12067,20008,0,12945,8
13:40:46,12065,20010,0,12945,7
13:40:51,12085,19990,0,12945,18
13:40:57,12080,19996,0,12945,14
13:41:02,12081,19995,0,12945,5
13:41:07,12081,19994,0,12945,10
13:41:13,12080,19995,0,12945,6
13:41:18,12083,19993,0,12945,11
13:41:23,12083,19992,0,12945,5
13:41:29,12084,19991,0,12945,9
13:41:34,12274,19801,0,12945,9
13:41:39,12276,19799,0,12945,9
13:41:45,12276,19799,0,12945,10
13:41:50,12276,19799,0,12945,13
13:41:55,12277,19798,0,12945,7
13:42:01,12267,19808,0,12945,4
13:42:06,12270,19805,0,12945,7
13:42:11,12258,19817,0,12945,10
13:42:17,12259,19816,0,12945,10
13:42:22,12264,19812,0,12945,14
13:42:27,12263,19812,0,12945,10
13:42:33,12265,19810,0,12945,10
13:42:38,12264,19811,0,12945,7
13:42:43,12265,19810,0,12945,5
13:42:49,12265,19810,0,12945,13
13:42:54,12263,19812,0,12945,11
13:42:59,12273,19803,0,12945,1
13:43:05,12273,19802,0,12945,1
13:43:10,12272,19803,0,12945,5
13:43:15,12275,19800,0,12945,10
13:43:21,12274,19802,0,12945,14
13:43:26,12256,19819,0,12945,6
13:43:31,12265,19810,0,12945,2
13:43:37,12256,19819,0,12945,3
13:43:42,12257,19818,0,12945,8
13:43:47,12258,19818,0,12945,4
13:43:53,12253,19822,0,12945,7
13:43:58,12248,19827,0,12945,6
13:44:03,12249,19827,0,12945,7
13:44:09,12268,19807,0,12945,13
13:44:14,12213,19862,0,12945,43
13:44:19,11564,20511,0,12945,31
13:44:24,12119,19956,0,12945,22
13:44:30,12230,19845,0,12945,3
13:44:35,12273,19802,0,12945,15
13:44:40,12266,19809,0,12945,2
13:44:46,12269,19806,0,12945,9
13:44:51,12268,19807,0,12945,12
13:44:56,12259,19816,0,12945,9
13:45:02,12143,19932,0,12945,34
13:45:07,12248,19827,0,12945,6
13:45:12,12252,19823,0,12945,21
13:45:18,12265,19810,0,12945,2
13:45:23,12269,19806,0,12945,4
13:45:28,11456,20620,0,12945,56
13:45:34,11334,20742,0,12945,30
13:45:39,11818,20257,0,12945,30
13:45:44,12061,20015,0,12945,9
13:45:50,12061,20014,0,12945,7
13:45:55,12058,20017,0,12945,6
13:46:00,12058,20017,0,12945,0
13:46:06,12071,20004,0,12945,6
13:46:11,12051,20024,0,12945,11
13:46:16,12062,20013,0,12945,0
13:46:22,12064,20011,0,12945,13
13:46:27,12060,20015,0,12945,4
13:46:32,12092,19983,0,12945,7
13:46:38,12094,19981,0,12945,4
13:46:43,12095,19981,0,12945,6
13:46:48,12094,19981,0,12945,5
13:46:54,12088,19987,0,12945,17
13:46:59,12092,19983,0,12945,6
13:47:04,12094,19981,0,12945,5
13:47:10,12100,19976,0,12945,7
13:47:15,12099,19976,0,12945,6
13:47:20,12102,19974,0,12945,16
13:47:26,12101,19974,0,12945,13
13:47:31,12095,19980,0,12945,7
13:47:36,12109,19967,0,12945,10
13:47:41,12082,19994,0,12945,13
13:47:47,12136,19940,0,12945,7
13:47:52,12143,19932,0,12945,11
13:47:57,12133,19943,0,12945,4
13:48:03,12140,19935,0,12945,18
13:48:08,12138,19937,0,12945,4
13:48:13,12129,19947,0,12945,8
13:48:19,12126,19949,0,12945,8
13:48:24,12127,19949,0,12945,4
13:48:30,12200,19876,0,12945,25
13:48:35,12471,19604,0,12852,11
13:48:41,25925,6150,0,53,22
13:48:46,25921,6154,0,53,14
13:48:51,25903,6172,0,53,16
13:48:57,25913,6162,0,53,2
13:49:02,25909,6166,0,53,17
13:49:07,25930,6145,0,53,2
13:49:12,25931,6145,0,53,8
13:49:18,25927,6149,0,53,7
13:49:23,25941,6134,0,53,10
13:49:28,25939,6136,0,53,6
13:49:34,25940,6135,0,53,12
13:49:39,25960,6115,0,53,13
13:49:44,25960,6116,0,53,5
13:49:50,25908,6167,0,53,20
13:49:55,25941,6134,0,53,5
13:50:00,25939,6136,0,53,7
13:50:06,25932,6143,0,53,3
13:50:11,25933,6142,0,53,3
13:50:16,25927,6148,0,53,3
13:50:22,25927,6148,0,53,11
13:50:27,25925,6151,0,53,5
13:50:32,25940,6135,0,53,6
13:50:38,25945,6130,0,53,2
13:50:43,25957,6118,0,53,4
13:50:48,25957,6118,0,53,7
13:50:54,25933,6142,0,53,12
13:50:59,25801,6275,0,53,34
13:51:04,25418,6657,0,53,26
13:51:10,25357,6718,0,53,15
13:51:15,25425,6650,0,53,27
13:51:20,25501,6574,0,53,11
13:51:26,25664,6412,0,53,4
13:51:31,25663,6412,0,53,2
13:51:36,25679,6396,0,53,3
13:51:41,25692,6384,0,53,12
13:51:47,25680,6395,0,53,16
13:51:52,25688,6387,0,53,4
13:51:57,25693,6382,0,53,9
13:52:03,25703,6372,0,53,3
13:52:08,25705,6371,0,53,0
13:52:13,25711,6364,0,53,7
13:52:19,25610,6465,0,53,27
13:52:24,25717,6358,0,53,7
13:52:29,25717,6359,0,53,8
13:52:35,25717,6358,0,53,5
13:52:40,25714,6361,0,53,8
13:52:45,25734,6341,0,53,11
13:52:50,25743,6333,0,53,40
13:52:56,25727,6349,0,53,0
13:53:01,25730,6345,0,53,14
13:53:06,25729,6346,0,53,8
13:53:12,25725,6351,0,53,13
13:53:17,25733,6342,0,53,3
13:53:22,25738,6337,0,53,2
13:53:28,25737,6338,0,53,8
13:53:33,25729,6346,0,53,25
13:53:38,25625,6450,0,53,31
13:53:44,25584,6491,0,53,28
13:53:49,25416,6659,0,53,19
13:53:54,25571,6504,0,53,21
13:54:00,25403,6672,0,53,18
13:54:05,25428,6648,0,53,27
13:54:10,25372,6703,0,53,13
13:54:16,25678,6397,0,53,3
13:54:21,25705,6371,0,53,7
13:54:26,25728,6347,0,53,0
13:54:31,25734,6341,0,53,19
13:54:37,25582,6494,0,83,23
13:54:42,25533,6542,0,53,26
13:54:48,25509,6566,0,53,29
13:54:53,25547,6528,0,53,17
13:54:58,25645,6430,0,53,9
13:55:03,25768,6307,0,53,8
13:55:09,25765,6310,0,53,11
13:55:14,25791,6284,0,53,18
13:55:19,25786,6290,0,53,6
13:55:25,25781,6295,0,53,1
13:55:30,25806,6269,0,53,13
13:55:35,25810,6265,0,53,3
13:55:41,25808,6267,0,53,10
13:55:46,25815,6260,0,53,12
13:55:51,25815,6261,0,53,6
13:55:57,25852,6223,0,53,8
13:56:02,25845,6230,0,53,6
13:56:07,25866,6209,0,53,5
13:56:13,25849,6226,0,53,1
13:56:18,25850,6225,0,53,12
13:56:23,25881,6195,0,53,11
13:56:29,25885,6190,0,53,8
13:56:34,25887,6188,0,53,1
13:56:39,25887,6188,0,53,3
13:56:45,25888,6187,0,53,11
13:56:50,25890,6185,0,53,4
